ID,Prediction
1,0.07547475086557268
2,0.09251284792190913
3,0.5697429007777031
4,0.08915202952700303
5,0.08152264013512588
6,0.09115896392945376
7,0.4103077226770191
8,0.07653713667390948
9,0.07899543935915058
10,0.5542662390589447
11,0.08975290587347637
12,0.5976385708754062
13,0.5731781419024873
14,0.16784521175573633
15,0.4020000242530549
16,0.5551643868189686
17,0.08046025432678908
18,0.17410366831861926
19,0.12323518238072596
20,0.28209396055043634
21,0.3212347258260796
22,0.08713498098526233
23,0.08152264013512588
24,0.4978261501124988
25,0.08046025432678908
26,0.08046025432678908
27,0.6955072822511572
28,0.43125233332920854
29,0.08476734046495579
30,0.23907317610315465
31,0.08476734046495579
32,0.4461354061419433
33,0.08394903756709352
34,0.219244384440477
35,0.2538814545179339
36,0.08476734046495579
37,0.2619644038624097
38,0.5551069516751453
39,0.5730125597072626
40,0.08152264013512588
41,0.47660095738628616
42,0.3704276473687565
43,0.5674944188005309
44,0.08152264013512588
45,0.08476734046495579
46,0.3622352867546744
47,0.4107212793823511
48,0.4901628809610018
49,0.33144888338594936
50,0.07899543935915058
51,0.08294009271255595
52,0.4738224953891376
53,0.08476734046495579
54,0.20333521182396477
55,0.08005782516748738
56,0.128947043375614
57,0.24155883464080471
58,0.5304666439322779
59,0.6831377122739228
60,0.3657277097200351
61,0.40579290312284333
62,0.4467151917995238
63,0.09412414049921414
64,0.14525653541341224
65,0.12912996433913093
66,0.46341920887711124
67,0.19082561867244036
68,0.09179687705546176
69,0.07808304501730885
70,0.1756353341443097
71,0.681954704410897
72,0.5837288717447535
73,0.2051315715065712
74,0.17441629594200037
75,0.07768061585800716
76,0.5803861005323571
77,0.5432478215268197
78,0.07653713667390948
79,0.6251553109879008
80,0.08690540309092064
81,0.23508757310154432
82,0.24389137411908807
83,0.09350520931462672
84,0.5789276147851162
85,0.2368450996062447
86,0.19586985013075703
87,0.6078181704288733
88,0.23411924521986824
89,0.5367132313538105
90,0.3037729614670822
91,0.27407101986129323
92,0.3702806733791376
93,0.08321186333238273
94,0.10536770294077386
95,0.2797532289235843
96,0.08005782516748738
97,0.08106677002202495
98,0.5871735029761452
99,0.08046025432678908
100,0.5844737707182666
101,0.21788496483857436
102,0.08476734046495579
103,0.17964169330718482
104,0.23784802805478472
105,0.188841132016189
106,0.15687661190805569
107,0.10220714116803963
108,0.08732650844150873
109,0.4354947463720418
110,0.08046025432678908
111,0.08833545329604629
112,0.08848046247273016
113,0.5765133733194429
114,0.5329799681368992
115,0.4796780716212656
116,0.07899543935915058
117,0.5818342536582187
118,0.08476734046495579
119,0.5338982573440181
120,0.5381606327185904
121,0.08476734046495579
122,0.08253158498966344
123,0.23765195663473188
124,0.5664067395014185
125,0.6191986072963255
126,0.5265670321998627
127,0.08282789484709562
128,0.345239333011034
129,0.23672348087075656
130,0.08713498098526233
131,0.7257930543781167
132,0.12448718875233514
133,0.09643957266451814
134,0.10220714116803963
135,0.08046025432678908
136,0.5387389340724885
137,0.2874675400602621
138,0.38527043253258947
139,0.11292801897136376
140,0.5172335327625847
141,0.08713498098526233
142,0.2092497916137164
143,0.24415225825234624
144,0.17187347133983963
145,0.26149839174235034
146,0.08713498098526233
147,0.5964054244124191
148,0.07899543935915058
149,0.40481351969271046
150,0.10682197592465996
151,0.08282789484709562
152,0.08530773323286249
153,0.3988842879556935
154,0.08152264013512588
155,0.08683867112783014
156,0.08394903756709352
157,0.43547158085305404
158,0.08152264013512588
159,0.3505813904901857
160,0.08046025432678908
161,0.40734527152842276
162,0.08524416464788778
163,0.08046025432678908
164,0.26464215754708453
165,0.5046783735733288
166,0.5794961424000393
167,0.2891066823356076
168,0.6735613538918801
169,0.08152264013512588
170,0.13065275302073664
171,0.08152264013512588
172,0.08476734046495579
173,0.08476734046495579
174,0.5642444412553854
175,0.17763768611004244
176,0.09121772084111486
177,0.15358554810660474
178,0.38147861263097965
179,0.31606930674907896
180,0.4352146446163089
181,0.12284439150466747
182,0.44598926437531916
183,0.12752067365904804
184,0.4139415561148136
185,0.5427085052180102
186,0.5867529589149195
187,0.08046025432678908
188,0.09390579968165808
189,0.46184213439565075
190,0.09079129083549
191,0.09121772084111486
192,0.5773806612003322
193,0.4416211831527451
194,0.5380782803192897
195,0.48238393921888717
196,0.08631667808740005
197,0.35328669934985124
198,0.2933948599802448
199,0.08389028065543241
200,0.284681306122368
201,0.5930549160674653
202,0.43364621463658665
203,0.3105566256164442
204,0.0847577716757821
205,0.35862534864064977
206,0.08248422259945502
207,0.45807994715647826
208,0.08926576049930723
209,0.6650440695426008
210,0.08530773323286249
211,0.7561390890437523
212,0.550262882735088
213,0.3968768196402493
214,0.49760335641930536
215,0.08476734046495579
216,0.08713498098526233
217,0.39896541472412445
218,0.10275774292020083
219,0.450480422626008
220,0.1703118713216292
221,0.3037418726966338
222,0.08046025432678908
223,0.24642401151696225
224,0.553407861473645
225,0.15563284987814957
226,0.6820732071565924
227,0.08046025432678908
228,0.5552741939142088
229,0.5862184946990401
230,0.08046025432678908
231,0.30947987994780285
232,0.5786727963853227
233,0.5110546151819464
234,0.11052458611815609
235,0.43147294487791144
236,0.11580105290088372
237,0.15228725058851594
238,0.08713498098526233
239,0.4379952292607072
240,0.5845302817401261
241,0.22916418430136898
242,0.08389028065543241
243,0.07754608152844704
244,0.4523159527674111
245,0.44122979649400046
246,0.13207069293802862
247,0.2959717728844202
248,0.4250960303484178
249,0.2528963073449046
250,0.08476734046495579
251,0.08476734046495579
252,0.16779146377203416
253,0.07899543935915058
254,0.1941020915925137
255,0.5444929125389101
256,0.08005782516748738
257,0.5493251397014133
258,0.09894923954932329
259,0.17742696317370002
260,0.5271112044164352
261,0.09115896392945376
262,0.7302594559765369
263,0.5266014261742121
264,0.5465700489079515
265,0.08476734046495579
266,0.22229572656500354
267,0.15899310203809383
268,0.08152264013512588
269,0.48514912636026447
270,0.24251383549857322
271,0.57378295061711
272,0.10618809432430637
273,0.08046025432678908
274,0.3206516847942512
275,0.1720343132833239
276,0.1946931054983499
277,0.11538578627947559
278,0.36193275899542754
279,0.08005782516748738
280,0.5626323872777895
281,0.47855820213068007
282,0.5936548623254878
283,0.15549759555253873
284,0.45932919648539566
285,0.07653713667390948
286,0.08879132340914722
287,0.4975995985706562
288,0.11930115079211244
289,0.25489960662812744
290,0.5574146223204433
291,0.21081629780913136
292,0.6801903038909876
293,0.7099592428749231
294,0.4278476371285267
295,0.08713498098526233
296,0.08046025432678908
297,0.5871735029761452
298,0.33897192720351293
299,0.6169739175299246
300,0.6873780275915782
301,0.5836719924240609
302,0.08713498098526233
303,0.16688358580452098
304,0.08286695533840756
305,0.6707560115282458
306,0.45327318068655176
307,0.46725507638637803
308,0.08282789484709562
309,0.21923918132395695
310,0.1915519642910688
311,0.38000236093102924
312,0.5973337054360809
313,0.7302594559765369
314,0.5910943403210578
315,0.08476734046495579
316,0.09417408636494198
317,0.4712586475176932
318,0.08046025432678908
319,0.2782130112659411
320,0.4279744505517881
321,0.08282789484709562
322,0.13423170866289297
323,0.6425728696424896
324,0.08046025432678908
325,0.32266955462074837
326,0.09115896392945376
327,0.5582371680509489
328,0.15225239625316078
329,0.09607451206442814
330,0.09257641650688384
331,0.44442362878494807
332,0.09216790878399132
333,0.5606040844545485
334,0.6289368103713459
335,0.5532850877828539
336,0.5867937123458086
337,0.31080941923858046
338,0.4237377063042228
339,0.08476734046495579
340,0.5182361812839725
341,0.11772194244760784
342,0.38617217911380836
343,0.4976153283793033
344,0.522153317454082
345,0.5854857083282765
346,0.42179303542489627
347,0.3923350510543862
348,0.08524595608868628
349,0.07547475086557268
350,0.10888810612091507
351,0.19934495335360697
352,0.7296482797955617
353,0.16392027845392582
354,0.7450243767178472
355,0.09076538485831633
356,0.08476734046495579
357,0.3006896746658337
358,0.5704714532190679
359,0.5096156314244993
360,0.16749133766531843
361,0.34655374906920516
362,0.42926680388295707
363,0.0776390221125048
364,0.5539678579306212
365,0.546840604058786
366,0.7450670155286129
367,0.7248500401989817
368,0.592049123973217
369,0.3841052827223246
370,0.5013243345876954
371,0.6257958457158206
372,0.07899543935915058
373,0.08476734046495579
374,0.08005782516748738
375,0.23320323837893647
376,0.5070429102599816
377,0.3669477355190972
378,0.39748940569851593
379,0.08282789484709562
380,0.08389028065543241
381,0.5539990211368225
382,0.09191889130636104
383,0.485865110904581
384,0.08713498098526233
385,0.19236990727298553
386,0.14977482268731865
387,0.5200801523927678
388,0.0935853613614214
389,0.7450670155286129
390,0.5706175514492751
391,0.5335220127550365
392,0.3239651018320814
393,0.4429405026690586
394,0.08879132340914722
395,0.07808304501730885
396,0.26442198178314263
397,0.7661683221169462
398,0.08955304222685298
399,0.27885989608234507
400,0.265123831438991
401,0.08476734046495579
402,0.5874074850544423
403,0.103706464497741
404,0.26241774786399524
405,0.3027122662916021
406,0.08634971858091041
407,0.5309227034345585
408,0.17032022220212545
409,0.5652831467272614
410,0.48450130244812856
411,0.08476734046495579
412,0.4465708106035656
413,0.08530773323286249
414,0.16360876413770725
415,0.5253693247313778
416,0.682239832725136
417,0.27938951695080216
418,0.35327138048202816
419,0.08476734046495579
420,0.3167745106539596
421,0.43860687935007736
422,0.5475062869992399
423,0.7214695374479119
424,0.0998299318585594
425,0.23357541749667063
426,0.16929681999860705
427,0.32872159625047664
428,0.22990501300882218
429,0.4075635338372009
430,0.08294009271255595
431,0.38237175288213154
432,0.1962800592890354
433,0.58443237799317
434,0.08105720123285128
435,0.2905296763040481
436,0.5768576953585686
437,0.5873477021322179
438,0.43547695251700486
439,0.25629615173483417
440,0.5745108737064063
441,0.08389028065543241
442,0.10829852607909743
443,0.08524595608868628
444,0.19173666488534263
445,0.18774667690651534
446,0.4529226677378951
447,0.28814647256080145
448,0.1063855298055406
449,0.1889350543821428
450,0.1798054738104113
451,0.32401656062115514
452,0.2142019814181834
453,0.6754373802596426
454,0.10322649718845174
455,0.36142332467001337
456,0.08046025432678908
457,0.08476734046495579
458,0.3935391584708582
459,0.16442404546037828
460,0.08136307987945712
461,0.532500120390501
462,0.682634610666756
463,0.08152264013512588
464,0.5315148476907411
465,0.08046025432678908
466,0.18642651419657466
467,0.7458751596257867
468,0.08005782516748738
469,0.15439567495699635
470,0.43652514700611017
471,0.09021431441496773
472,0.23166052461115966
473,0.08476734046495579
474,0.25319963005346824
475,0.25119112490773304
476,0.5469691213960833
477,0.677424885178929
478,0.09115896392945376
479,0.1047706417468763
480,0.5834658350091638
481,0.37282577295536595
482,0.3988842879556935
483,0.09997537119580542
484,0.09417408636494198
485,0.08476734046495579
486,0.13409002367274708
487,0.0943369525479517
488,0.579908875105311
489,0.0847577716757821
490,0.1037700330827157
491,0.44989421349729186
492,0.10240176862777305
493,0.6053664186703015
494,0.22338348860030457
495,0.08345251696381235
496,0.4269107572858728
497,0.0849492991320285
498,0.5944594722478647
499,0.3631190979960503
500,0.44230113153874356
501,0.17466307679426687
502,0.1037700330827157
503,0.5450986077934287
504,0.4597136739965023
505,0.5848795355737891
506,0.2425634061389682
507,0.4027983940631675
508,0.07808304501730885
509,0.1252409976623326
510,0.4285106640233396
511,0.08239013115547557
512,0.08524595608868628
513,0.10947349411396458
514,0.16261017037175193
515,0.07978183700373938
516,0.5757473435045986
517,0.5144468117149656
518,0.08713498098526233
519,0.7541130222897083
520,0.0902087759865773
521,0.5427342367785313
522,0.10449307776528795
523,0.46597915850477195
524,0.548035527769709
525,0.11409065919868133
526,0.2134603776010834
527,0.09191889130636104
528,0.5706253311814359
529,0.1280121112491553
530,0.08282789484709562
531,0.6580756690651562
532,0.6163794580001644
533,0.5684754636082546
534,0.34282568293295057
535,0.08046025432678908
536,0.09289685482712051
537,0.39383518710277277
538,0.3800128431340239
539,0.20780260198569994
540,0.08476734046495579
541,0.21032775251164096
542,0.4579836735999796
543,0.624879107924253
544,0.17695428608334304
545,0.16689034883306741
546,0.11594889999503259
547,0.230684801504634
548,0.0991142597138443
549,0.4915299569607471
550,0.11298625778783174
551,0.44626693165798337
552,0.19799293515706215
553,0.583059413843216
554,0.6635780866692801
555,0.31536416761524055
556,0.5718417133816465
557,0.6243652938312158
558,0.08713498098526233
559,0.23564832184005502
560,0.4843506956875699
561,0.4329348522857149
562,0.14322165794072508
563,0.21003980117332458
564,0.07784239138587921
565,0.7076008362369792
566,0.08955304222685298
567,0.10607410501804754
568,0.704931524710361
569,0.7105366937543671
570,0.47359266020037366
571,0.11900780112983207
572,0.3012706760001944
573,0.5398362983386576
574,0.26547821390276727
575,0.09070580488668764
576,0.572880840959507
577,0.5566277067342315
578,0.08713498098526233
579,0.3997062460917328
580,0.5492534902921595
581,0.5684754636082546
582,0.31500104242349286
583,0.08282789484709562
584,0.7450243767178472
585,0.6507598663269847
586,0.08713498098526233
587,0.20637162832677627
588,0.09969539752899927
589,0.07978183700373938
590,0.5192184426432639
591,0.37199104029317515
592,0.20299378914819094
593,0.43210192791472074
594,0.22774105709104583
595,0.15871223435559445
596,0.08476734046495579
597,0.25860963632222883
598,0.23564456223441438
599,0.48052917568241754
600,0.07808304501730885
601,0.521551904174831
602,0.1849084766369163
603,0.4043905992984751
604,0.0902087759865773
605,0.18541479991798063
606,0.2283884576105625
607,0.7446164239406179
608,0.08380581994793082
609,0.7380151952651156
610,0.3524744052338143
611,0.47400077254127604
612,0.6833286355699152
613,0.7169714429403659
614,0.4266183779999186
615,0.15440339871268036
616,0.700572855999129
617,0.10132925518826078
618,0.09997537119580542
619,0.22645133328872108
620,0.07547475086557268
621,0.5901773238710066
622,0.0861650966220367
623,0.41618507696851437
624,0.4959574388306131
625,0.0815130713459522
626,0.5816614022367528
627,0.09713791108961678
628,0.0847577716757821
629,0.08833545329604629
630,0.25516266976687363
631,0.6027838160472518
632,0.37071682235180264
633,0.626409396574604
634,0.3464563807115865
635,0.5788815354413555
636,0.0847577716757821
637,0.08486996954124243
638,0.24177980351769832
639,0.09412414049921414
640,0.07914543082564565
641,0.2557886993929142
642,0.3775193378652806
643,0.15009089973620382
644,0.6124242310820208
645,0.0815130713459522
646,0.086414114099667
647,0.11443451342124225
648,0.18126137377258375
649,0.08389028065543241
650,0.1077353434610804
651,0.4190397167828507
652,0.17174268401763623
653,0.4226223610989728
654,0.5867116536328673
655,0.08476734046495579
656,0.1005433231859104
657,0.47968783285016975
658,0.5611530733208492
659,0.4740777867845299
660,0.08005782516748738
661,0.2959608758219707
662,0.4379222327993764
663,0.08282789484709562
664,0.09561418451969073
665,0.29740011483661655
666,0.5001974888295789
667,0.0833025254973173
668,0.5391253812701045
669,0.7035837284980375
670,0.6639767348611776
671,0.5240782142814602
672,0.13821901857052088
673,0.7481715647272134
674,0.25821402521973935
675,0.08025866118667138
676,0.1037700330827157
677,0.09203288061261987
678,0.10129019469694885
679,0.09880542174402619
680,0.6594925929932879
681,0.08152264013512588
682,0.5064721107765074
683,0.08394903756709352
684,0.08761180516819432
685,0.35667896559686313
686,0.2379512394349416
687,0.1263608394342834
688,0.11619387616825586
689,0.08476734046495579
690,0.518445083131243
691,0.08046025432678908
692,0.5778241104473225
693,0.1527831824839056
694,0.09121772084111486
695,0.39639885864028684
696,0.08713498098526233
697,0.49715177970130925
698,0.08713498098526233
699,0.24013856380865697
700,0.4268407120703485
701,0.5760313744482217
702,0.3553528007928247
703,0.07754608152844704
704,0.17217394909412168
705,0.17274144125509774
706,0.4098840787587886
707,0.17408056515253412
708,0.4428226487486458
709,0.08005782516748738
710,0.6756926786494353
711,0.10908936164108969
712,0.4591663507780121
713,0.39197399780591613
714,0.14134495223758364
715,0.17791027519594463
716,0.08713498098526233
717,0.09345652540668763
718,0.6009245005818008
719,0.6158940598589178
720,0.6928423150352097
721,0.17238454881608456
722,0.6026388590398677
723,0.103706464497741
724,0.5637334608328678
725,0.42221096368816446
726,0.559515512837748
727,0.1708998492580692
728,0.621312787957477
729,0.28248387092453375
730,0.16784521175573633
731,0.4114796284644637
732,0.6971948140140268
733,0.23218292240687763
734,0.08152264013512588
735,0.08955304222685298
736,0.08389028065543241
737,0.08724717885072265
738,0.07661823004967036
739,0.4460657173280679
740,0.10607410501804754
741,0.542268616691981
742,0.169937556146794
743,0.2286668436073869
744,0.25708474772153284
745,0.21252299008270226
746,0.4710054676019625
747,0.07899543935915058
748,0.6554912417033154
749,0.27461014513939885
750,0.10220714116803963
751,0.1395102068930779
752,0.5799724016820329
753,0.14875488758536928
754,0.4476686051516658
755,0.15739920866528326
756,0.3631768183166543
757,0.138010333318794
758,0.49460160194118935
759,0.549739142505346
760,0.6088350787448208
761,0.4943486262845453
762,0.08046025432678908
763,0.2984064133013856
764,0.568207205798418
765,0.0847577716757821
766,0.08394903756709352
767,0.22449453769227165
768,0.5145143463989953
769,0.21697760259797458
770,0.17251585573903183
771,0.08214947752404593
772,0.23809999914791957
773,0.7358351252211526
774,0.468517394515204
775,0.08713498098526233
776,0.12955627014118468
777,0.17281474214358017
778,0.08476734046495579
779,0.12420219354582725
780,0.43322638926092494
781,0.5969047780540988
782,0.3866024454585974
783,0.08716825657161148
784,0.08606878400141033
785,0.0804506855376154
786,0.42970207337959593
787,0.12657621330931879
788,0.08975290587347637
789,0.6859100322777205
790,0.08879132340914722
791,0.6824906071164285
792,0.11930115079211244
793,0.49937767276077694
794,0.08046025432678908
795,0.0933203565992661
796,0.35103378959261394
797,0.4609333926755114
798,0.4097169430168778
799,0.5493198112057077
800,0.08380581994793082
801,0.5141605922564259
802,0.5731347941587941
803,0.1033615253598232
804,0.5776950202519446
805,0.21006222937640914
806,0.3138307559396318
807,0.07808304501730885
808,0.39183915048881646
809,0.4702028696303381
810,0.1269962509893588
811,0.625829574678999
812,0.5599846290270999
813,0.6090379956378716
814,0.21976772100305503
815,0.08524595608868628
816,0.1824010219275012
817,0.08476734046495579
818,0.5396831259242915
819,0.576891900684007
820,0.1716096164346294
821,0.20066803187346238
822,0.3482149609117163
823,0.22276975651330827
824,0.18580357009775747
825,0.16997330922744033
826,0.37913392673329005
827,0.10888810612091507
828,0.08476734046495579
829,0.5705036552479751
830,0.08713498098526233
831,0.08713498098526233
832,0.08476734046495579
833,0.5559385496818656
834,0.19069141797623387
835,0.4291877327249134
836,0.5886557581508587
837,0.08476734046495579
838,0.08152264013512588
839,0.4460559881588066
840,0.08476734046495579
841,0.2583783647703354
842,0.08969414896181527
843,0.49197300391663684
844,0.5244042865033426
845,0.1936712742258106
846,0.4738017115109748
847,0.0815130713459522
848,0.08046025432678908
849,0.576723699945674
850,0.3111839952662669
851,0.6393335671728041
852,0.36447211553791586
853,0.5702094163325091
854,0.11479182966392748
855,0.5611262293166623
856,0.09851055622816693
857,0.4702551165779658
858,0.20585227740194864
859,0.5953633251212579
860,0.08955304222685298
861,0.2538814545179339
862,0.7585300645258084
863,0.08389028065543241
864,0.566467786631013
865,0.26492852188204435
866,0.08282789484709562
867,0.09526449534742706
868,0.21543652113323009
869,0.08953989893626205
870,0.27281734906108346
871,0.6385422853916636
872,0.44673585323447845
873,0.5727623267576923
874,0.08476734046495579
875,0.49451405799820897
876,0.13136510461720466
877,0.7707912204303258
878,0.18667331421092404
879,0.4404216141559344
880,0.23773412919096115
881,0.08631667808740005
882,0.6142042390191227
883,0.436999558611696
884,0.2544334921324188
885,0.22225430063435242
886,0.07653713667390948
887,0.09104803295427064
888,0.15324291229716172
889,0.1505645424106472
890,0.42885835843355086
891,0.08713498098526233
892,0.21788243648915356
893,0.12274248179012537
894,0.18004613174187456
895,0.5355116447804944
896,0.13731022028389228
897,0.1885305902142924
898,0.2333840328571978
899,0.4189896909156714
900,0.3895119408617705
901,0.5731209641433254
902,0.08476734046495579
903,0.2811313739486068
904,0.2714952803282396
905,0.08046025432678908
906,0.17602260107655412
907,0.5545719977974225
908,0.103706464497741
909,0.08046025432678908
910,0.4519262546939577
911,0.1663695773619073
912,0.08046025432678908
913,0.2728905282014958
914,0.5270652478605982
915,0.7570475887166535
916,0.6536896397825693
917,0.37271389876098127
918,0.43839676235782615
919,0.08713498098526233
920,0.2967054646639514
921,0.5696380156843066
922,0.43090223274532174
923,0.1037700330827157
924,0.24875046008433443
925,0.15827686844506297
926,0.5499338294943834
927,0.1339850855404049
928,0.46323807246853893
929,0.09141414431650922
930,0.1084921662596382
931,0.1518662943486604
932,0.08152264013512588
933,0.3867965522258226
934,0.15805967449256508
935,0.47107181703549644
936,0.08389028065543241
937,0.08879132340914722
938,0.4173547758386904
939,0.3709912571771721
940,0.20696447306315927
941,0.29126121421716555
942,0.08394903756709352
943,0.6183375513109562
944,0.5748974899543312
945,0.0998299318585594
946,0.1077353434610804
947,0.11534608021295441
948,0.31137689278063685
949,0.08092531618783708
950,0.09062376422556677
951,0.5802175929668937
952,0.07768061585800716
953,0.5930728728973966
954,0.749849489465411
955,0.38045061491731896
956,0.07653713667390948
957,0.17652114815447514
958,0.46075821486470564
959,0.11617573654078654
960,0.5719210676917097
961,0.22727558224814823
962,0.13726977382039818
963,0.4886794258902865
964,0.5499917561784861
965,0.36980253923854145
966,0.40289692524616594
967,0.5437553541902028
968,0.4377750587418911
969,0.3988842879556935
970,0.19395044181774285
971,0.5774825169287942
972,0.45124708613497017
973,0.08524416464788778
974,0.24935195848059424
975,0.08152264013512588
976,0.3898731864969726
977,0.10553056912378357
978,0.4460657173280679
979,0.1491300892328982
980,0.26983046972581065
981,0.08282789484709562
982,0.11169751457309307
983,0.35434193107629547
984,0.30032389306854385
985,0.08294009271255595
986,0.08761180516819432
987,0.5743269090432844
988,0.5476775049195878
989,0.5559529209487094
990,0.24238235267403374
991,0.25821402521973935
992,0.7043376889655184
993,0.0849492991320285
994,0.33597227102971716
995,0.10985053562593605
996,0.1668103216932324
997,0.24135686184568225
998,0.547224060606896
999,0.22815743410447528
1000,0.1753717735047425
1001,0.17599143255201083
1002,0.754559919267658
1003,0.08476734046495579
1004,0.2006891897006415
1005,0.08282789484709562
1006,0.37139236511533724
1007,0.46349145319048757
1008,0.5346112874411801
1009,0.4640732847071222
1010,0.4346815045731343
1011,0.6050075720735867
1012,0.17532582411733624
1013,0.12899746409689813
1014,0.4743145916460441
1015,0.08524416464788778
1016,0.6050075720735867
1017,0.4573381956093317
1018,0.23334761126780035
1019,0.5703901609083134
1020,0.45701562070833496
1021,0.5571342978533724
1022,0.14098485827009433
1023,0.21356663877424986
1024,0.08152264013512588
1025,0.1819570857443279
1026,0.08713498098526233
1027,0.08772579447445314
1028,0.37896499259804006
1029,0.08955535428295013
1030,0.5568799784277274
1031,0.45058528369863127
1032,0.205337257393312
1033,0.5783383619151459
1034,0.08046025432678908
1035,0.5633877270514679
1036,0.25010092143061335
1037,0.40883238083604856
1038,0.20062314089164457
1039,0.4070740002077828
1040,0.7513064594404966
1041,0.5576158632189558
1042,0.15376616031155071
1043,0.16752628734823594
1044,0.15514277826005204
1045,0.6831742997200041
1046,0.20678856085821817
1047,0.128947043375614
1048,0.1548794161842085
1049,0.5639608126853694
1050,0.3745463659514373
1051,0.08152264013512588
1052,0.37884502300225575
1053,0.464368943690562
1054,0.08046025432678908
1055,0.5099144014618151
1056,0.2028391246650798
1057,0.19882078307401682
1058,0.14742618382818307
1059,0.08732650844150873
1060,0.4029582451865935
1061,0.08718540170654646
1062,0.0927754919074418
1063,0.08476734046495579
1064,0.2985792228899961
1065,0.10958174514780428
1066,0.17867359813583253
1067,0.1807853821949831
1068,0.4379952292607072
1069,0.7451047170375314
1070,0.0833025254973173
1071,0.6900738991511156
1072,0.1828365204631444
1073,0.08713498098526233
1074,0.08389028065543241
1075,0.08046025432678908
1076,0.5601368953163668
1077,0.09121248922908733
1078,0.10139282377323548
1079,0.11520581688215097
1080,0.3198089923093043
1081,0.29713845930088073
1082,0.28306681279538204
1083,0.08282789484709562
1084,0.10220714116803963
1085,0.45919707186210557
1086,0.30219931795693833
1087,0.5737042475518248
1088,0.392749306935349
1089,0.43807771413619423
1090,0.14549688567655047
1091,0.2335783980960648
1092,0.5591948183598352
1093,0.08955304222685298
1094,0.0849492991320285
1095,0.41906506458873877
1096,0.1659453567841643
1097,0.4365267078181666
1098,0.14957796088867345
1099,0.08214947752404593
1100,0.08713498098526233
1101,0.08389028065543241
1102,0.09150390306737156
1103,0.4509521417394641
1104,0.08046025432678908
1105,0.07768061585800716
1106,0.4144457120337576
1107,0.17160094785903496
1108,0.5954153773378674
1109,0.08772579447445314
1110,0.41748538736879204
1111,0.08954168199688081
1112,0.46446461640083314
1113,0.36108477531687266
1114,0.13340399449880716
1115,0.13508026865727515
1116,0.08690540309092064
1117,0.12167836010159265
1118,0.5728859518711384
1119,0.4385474794088026
1120,0.3644757390119158
1121,0.1985529548529885
1122,0.5499803993995176
1123,0.6607901065515444
1124,0.11561325350067243
1125,0.23792875324464013
1126,0.4920814495461337
1127,0.45379733370071623
1128,0.45903581511273683
1129,0.5508578339294997
1130,0.1660949532101408
1131,0.08713498098526233
1132,0.47549339433741167
1133,0.2731679594593125
1134,0.3426565239465009
1135,0.4789603163119065
1136,0.13551118889885977
1137,0.5833232242784595
1138,0.4117361332312987
1139,0.08046025432678908
1140,0.5460314266425749
1141,0.21355491986784625
1142,0.18300423433505428
1143,0.08282789484709562
1144,0.0847577716757821
1145,0.6188331214940148
1146,0.08955304222685298
1147,0.5756347634039047
1148,0.08046025432678908
1149,0.08282789484709562
1150,0.37141347320044904
1151,0.0998502167847315
1152,0.08582972627329258
1153,0.07899543935915058
1154,0.18544761922735203
1155,0.1084921662596382
1156,0.5455645040706211
1157,0.08389028065543241
1158,0.7400047627907689
1159,0.1299106112400359
1160,0.14570361037809795
1161,0.08152264013512588
1162,0.09304182546715743
1163,0.7386993469090345
1164,0.28486592771108715
1165,0.5737694547020965
1166,0.10038219947955744
1167,0.31966648346520943
1168,0.4391439530980557
1169,0.43437470839423814
1170,0.1558556039818112
1171,0.08476734046495579
1172,0.5330598118239973
1173,0.44178196539497033
1174,0.511532550949553
1175,0.3988055333968185
1176,0.08713498098526233
1177,0.08214947752404593
1178,0.5817643746388649
1179,0.08389028065543241
1180,0.6964845124338136
1181,0.44300754594656494
1182,0.1077353434610804
1183,0.10607410501804754
1184,0.13133698095660185
1185,0.7459633288340147
1186,0.5610654480529678
1187,0.10536770294077386
1188,0.09526449534742706
1189,0.493671963772554
1190,0.08253158498966344
1191,0.28527087075254404
1192,0.6413989307408648
1193,0.3773822132748342
1194,0.42164994414995355
1195,0.07899543935915058
1196,0.1518662943486604
1197,0.08715691948496959
1198,0.33385879264624185
1199,0.07978183700373938
1200,0.12090518411884786
1201,0.08476734046495579
1202,0.5491301750177408
1203,0.07661823004967036
1204,0.17532582411733624
1205,0.7246538240788156
1206,0.5649454608075638
1207,0.16554605886955884
1208,0.760663789176134
1209,0.37982957460112676
1210,0.7538540695008219
1211,0.41437842918241713
1212,0.2526284314006676
1213,0.17141763968029836
1214,0.483028419374707
1215,0.5650267625083782
1216,0.16937919120961764
1217,0.2110581554824044
1218,0.24013145377042514
1219,0.20063660765816213
1220,0.44366140543096216
1221,0.5613794916461845
1222,0.3726862033189449
1223,0.33267619259535464
1224,0.16364419440387798
1225,0.40023415210203506
1226,0.10607410501804754
1227,0.08855307597193487
1228,0.4695583027681159
1229,0.0896148193710292
1230,0.08879132340914722
1231,0.08152264013512588
1232,0.11297555532385452
1233,0.09121772084111486
1234,0.4414804915645858
1235,0.08713498098526233
1236,0.6495565462993623
1237,0.3428347030964994
1238,0.10796734531314929
1239,0.5536806688301036
1240,0.3643802378606275
1241,0.16554605886955884
1242,0.09488048844221567
1243,0.3780529464087911
1244,0.7294617400550243
1245,0.1263454036427371
1246,0.17511624705444184
1247,0.31341070126409265
1248,0.21764098930076967
1249,0.5617847600128473
1250,0.07899543935915058
1251,0.46719545040113236
1252,0.4042027092547208
1253,0.08152264013512588
1254,0.21144932457104
1255,0.4836836433975584
1256,0.423440004082803
1257,0.28198647945932104
1258,0.5751514874221146
1259,0.4539420942180845
1260,0.439718636693405
1261,0.455870422242681
1262,0.10223979580474529
1263,0.5609136086175897
1264,0.4351278486384432
1265,0.08879132340914722
1266,0.09836944949320466
1267,0.12283112276142731
1268,0.08732650844150873
1269,0.7589616194896223
1270,0.47966926843301405
1271,0.47371123837586077
1272,0.49221504981304876
1273,0.4391439530980557
1274,0.33111714354540783
1275,0.43943769551797285
1276,0.08282789484709562
1277,0.3602965051882469
1278,0.10506516016350997
1279,0.10527465900963756
1280,0.227154971437646
1281,0.08046025432678908
1282,0.23514899667802738
1283,0.08955125078605448
1284,0.09526449534742706
1285,0.15106071483764313
1286,0.08476734046495579
1287,0.7358351252211526
1288,0.3464788143180526
1289,0.6339046612072377
1290,0.47993655076336766
1291,0.09555202143194313
1292,0.5241424742668123
1293,0.19161324509212352
1294,0.12748222840797552
1295,0.08476734046495579
1296,0.08282789484709562
1297,0.4608819542678065
1298,0.09672689012893955
1299,0.128947043375614
1300,0.4498018517149601
1301,0.49069825444220094
1302,0.08282789484709562
1303,0.4370507425099016
1304,0.6014696646113021
1305,0.6364498483323201
1306,0.08732650844150873
1307,0.13251786727703932
1308,0.3266964203314015
1309,0.10964492891947288
1310,0.5590674865948527
1311,0.08005782516748738
1312,0.16084439357198074
1313,0.11801559250049183
1314,0.08530773323286249
1315,0.3404845068374511
1316,0.450861573538653
1317,0.56352414516603
1318,0.08713498098526233
1319,0.40088720869286004
1320,0.548154029006695
1321,0.09526449534742706
1322,0.4505691449027106
1323,0.08833545329604629
1324,0.5723154751399461
1325,0.3972787467140672
1326,0.6744934657076526
1327,0.2829830093373203
1328,0.08046025432678908
1329,0.10122348298561686
1330,0.08152264013512588
1331,0.4158873246308987
1332,0.08476734046495579
1333,0.5680064550565964
1334,0.6112524882629341
1335,0.3637059435067361
1336,0.14375998920033883
1337,0.32321906977633746
1338,0.0896148193710292
1339,0.5581527104355756
1340,0.5852438038572618
1341,0.47642764256069026
1342,0.07899543935915058
1343,0.397636218623374
1344,0.5734098669962832
1345,0.4071453253846788
1346,0.1834569904274615
1347,0.3756250792519487
1348,0.3949183610561032
1349,0.17670181415974062
1350,0.46843419021026794
1351,0.6759508277778078
1352,0.5225731676967597
1353,0.4780823878295453
1354,0.3715127805480634
1355,0.5298266467390902
1356,0.08046025432678908
1357,0.08152264013512588
1358,0.08888237373573922
1359,0.5055563210719707
1360,0.5974164886609968
1361,0.5474519248071729
1362,0.20796039738121244
1363,0.08878175461997355
1364,0.5796370794947558
1365,0.5437073892723993
1366,0.1771426588146755
1367,0.08879132340914722
1368,0.17418606890993404
1369,0.13084794837371316
1370,0.08046025432678908
1371,0.18243901126019732
1372,0.23662322364489607
1373,0.159342717744151
1374,0.4554722742663498
1375,0.08476734046495579
1376,0.09121772084111486
1377,0.3090318915849329
1378,0.6147517345017217
1379,0.553033534320308
1380,0.08524416464788778
1381,0.4992488422810458
1382,0.4544949585248154
1383,0.2354913998018886
1384,0.08046025432678908
1385,0.21032646803659574
1386,0.4466684584600632
1387,0.10888810612091507
1388,0.37694233937873395
1389,0.7471046310131684
1390,0.255792091567587
1391,0.44320212386471497
1392,0.1065204656006085
1393,0.4669626218718727
1394,0.08005782516748738
1395,0.21727925469413828
1396,0.08476734046495579
1397,0.43237769640636603
1398,0.08005782516748738
1399,0.23773412919096115
1400,0.5966429397316971
1401,0.46488543736686266
1402,0.20988650588581817
1403,0.2526171784823164
1404,0.4657551807463471
1405,0.08955304222685298
1406,0.1833272581772946
1407,0.43681963696351656
1408,0.19177290685475312
1409,0.7034231240832242
1410,0.5037412852084411
1411,0.1749300082098527
1412,0.43205980273205424
1413,0.7015120415946638
1414,0.2934573323317227
1415,0.08253158498966344
1416,0.48670886063374313
1417,0.222919181556426
1418,0.08538798245318487
1419,0.11632705708321614
1420,0.08046025432678908
1421,0.43424390668186413
1422,0.4187551041724082
1423,0.3023679797440499
1424,0.2246851700151017
1425,0.1326423365889437
1426,0.4229077433990651
1427,0.5760210857546921
1428,0.545656143038479
1429,0.49224144334608855
1430,0.5836574683333621
1431,0.08825612370526022
1432,0.6112812662435521
1433,0.43290996482328137
1434,0.2386900359031308
1435,0.30446963686277007
1436,0.14510260857850785
1437,0.08476734046495579
1438,0.08282789484709562
1439,0.08282789484709562
1440,0.08819736679359913
1441,0.6699215497721583
1442,0.7329401920104498
1443,0.19521982668783802
1444,0.17091487618068985
1445,0.08046025432678908
1446,0.19177448219982346
1447,0.31434343859090236
1448,0.5259911506317487
1449,0.3051003402486885
1450,0.2341932112235578
1451,0.60143101596761
1452,0.6822070406860016
1453,0.403594455298998
1454,0.5716310317945713
1455,0.13136510461720466
1456,0.542732177116002
1457,0.2608496308531428
1458,0.7378233912724825
1459,0.5365307966586141
1460,0.10220714116803963
1461,0.08713498098526233
1462,0.5531704611800761
1463,0.6873780275915782
1464,0.4533559940868693
1465,0.08046025432678908
1466,0.14067267777282855
1467,0.3676637117391864
1468,0.2499388553311396
1469,0.6676293541150423
1470,0.15847270925656992
1471,0.7400047627907689
1472,0.08524595608868628
1473,0.576972661141048
1474,0.19912003221854013
1475,0.09880542174402619
1476,0.713674115199822
1477,0.17680002300523245
1478,0.2979819349978235
1479,0.23638768059911439
1480,0.6733574277705603
1481,0.17809230525193187
1482,0.20363802405894063
1483,0.08927304361122718
1484,0.10964492891947288
1485,0.7417073469255171
1486,0.1077353434610804
1487,0.11848215901442093
1488,0.16851389884176918
1489,0.15888026490315227
1490,0.1704999364530862
1491,0.7311283899872354
1492,0.5373217134307027
1493,0.3969217927801027
1494,0.26050286636645437
1495,0.5394737836096398
1496,0.08239013115547557
1497,0.08476734046495579
1498,0.40719223900157264
1499,0.3791758357875147
1500,0.08713498098526233
1501,0.6316081250776949
1502,0.0896148193710292
1503,0.08152264013512588
1504,0.609419867717859
1505,0.19493607741092267
1506,0.11475828396335648
1507,0.6683658315687406
1508,0.15414010649521406
1509,0.5528033637111206
1510,0.4257415809988054
1511,0.08476734046495579
1512,0.08955304222685298
1513,0.08713498098526233
1514,0.3123088873609537
1515,0.17268368905864825
1516,0.7561390890437523
1517,0.18343069959517128
1518,0.31266275056802634
1519,0.21619425878997625
1520,0.25521370056285997
1521,0.4634634205714215
1522,0.08582972627329258
1523,0.24375766602354032
1524,0.5203690178142636
1525,0.45905997484957867
1526,0.1775089092749098
1527,0.08389028065543241
1528,0.5710689272047644
1529,0.41865407082380857
1530,0.6204676487212932
1531,0.21240380141351625
1532,0.42425434289914027
1533,0.5485453272742438
1534,0.45665872502390104
1535,0.08389028065543241
1536,0.3350562963611496
1537,0.21618853624007686
1538,0.576729126222639
1539,0.10021453813107929
1540,0.2465889784772389
1541,0.7368395411504807
1542,0.08046025432678908
1543,0.08955304222685298
1544,0.4684066853264098
1545,0.17490699199252147
1546,0.22656943443652322
1547,0.5098837688381578
1548,0.4448565384864149
1549,0.22607892799377907
1550,0.5234258625436465
1551,0.3126409614490185
1552,0.1925635932049976
1553,0.08046025432678908
1554,0.6317531527721586
1555,0.08253158498966344
1556,0.3535886344196463
1557,0.20715824789952658
1558,0.3955924683260508
1559,0.08476734046495579
1560,0.08476734046495579
1561,0.7160093660786971
1562,0.45410486112010745
1563,0.10122348298561686
1564,0.08152264013512588
1565,0.2822064080422168
1566,0.08879132340914722
1567,0.49396927711452543
1568,0.4819047177719147
1569,0.1401491336089306
1570,0.6583041860733037
1571,0.08046025432678908
1572,0.536407853010731
1573,0.07978183700373938
1574,0.08046025432678908
1575,0.10236266018367461
1576,0.08955125078605448
1577,0.4611948355636371
1578,0.5612500559908261
1579,0.23845385168012057
1580,0.08282789484709562
1581,0.08713498098526233
1582,0.6839223781582158
1583,0.36752374560179996
1584,0.6822070406860016
1585,0.45394456780537373
1586,0.128947043375614
1587,0.509300638235156
1588,0.16687214615802023
1589,0.11420361938021227
1590,0.08476734046495579
1591,0.5388573419399139
1592,0.08476734046495579
1593,0.25879290402217026
1594,0.477653598547169
1595,0.6916182389697139
1596,0.36778235161438194
1597,0.2679976796295108
1598,0.09654172688524852
1599,0.16334093080055168
1600,0.42198759755926996
1601,0.44995273676029857
1602,0.37745425382560077
1603,0.25821402521973935
1604,0.6260302506218298
1605,0.16959837100024613
1606,0.20136697760912656
1607,0.6627380143251577
1608,0.4416101666650181
1609,0.6440532379406162
1610,0.08152264013512588
1611,0.07899543935915058
1612,0.45822161729576355
1613,0.2516281839900737
1614,0.08713498098526233
1615,0.4885769422325334
1616,0.14057741164477464
1617,0.5837141610458049
1618,0.7469195442655192
1619,0.08046025432678908
1620,0.7112181070804602
1621,0.45184312051063136
1622,0.4547753276287394
1623,0.08476734046495579
1624,0.1590804665553995
1625,0.43608936806630266
1626,0.3839099041739007
1627,0.08046025432678908
1628,0.5380139055748823
1629,0.3157427970760096
1630,0.4418991822285453
1631,0.25821402521973935
1632,0.1428137382070684
1633,0.3324163455075508
1634,0.5791964097496523
1635,0.22255262093581343
1636,0.22988347867287545
1637,0.578326579303485
1638,0.601800644730608
1639,0.4831704681587279
1640,0.10414099198511774
1641,0.18816514908074877
1642,0.47875270761566985
1643,0.599047983703631
1644,0.2823196785884609
1645,0.7252283521314961
1646,0.2551827161659827
1647,0.5138053192256428
1648,0.4543773890485799
1649,0.25879290402217026
1650,0.29797777188630303
1651,0.5524527882132579
1652,0.4630943704065024
1653,0.07899543935915058
1654,0.53497560749259
1655,0.5521424953537521
1656,0.37958448169545755
1657,0.4027300131206013
1658,0.3022649491483668
1659,0.43521771173468665
1660,0.09672689012893955
1661,0.10220714116803963
1662,0.18423472716075517
1663,0.08046025432678908
1664,0.09322424693870288
1665,0.08152264013512588
1666,0.10722686767788221
1667,0.5912588183282379
1668,0.6131425302498765
1669,0.5485271652553969
1670,0.23766457913908903
1671,0.11363195982534549
1672,0.08883527991960712
1673,0.1773823099249887
1674,0.14874410347361178
1675,0.08524416464788778
1676,0.6700427530527622
1677,0.5362305180525827
1678,0.08969414896181527
1679,0.09992835590482259
1680,0.08713498098526233
1681,0.19802257642218696
1682,0.5748974899543312
1683,0.22691839471699404
1684,0.08253158498966344
1685,0.542602288865463
1686,0.08476734046495579
1687,0.43592572279956376
1688,0.6314225904651278
1689,0.7353568980488918
1690,0.4580004751300925
1691,0.4428332612413939
1692,0.34688859901779295
1693,0.4015364593665372
1694,0.08046025432678908
1695,0.10811710300545423
1696,0.435508780532841
1697,0.11969595329896615
1698,0.4668005726739837
1699,0.07768061585800716
1700,0.2250386411322472
1701,0.20834042868888453
1702,0.7346622639429732
1703,0.48120352271627465
1704,0.507969762366995
1705,0.10477897793725327
1706,0.22047958833697545
1707,0.42441347712690963
1708,0.08152264013512588
1709,0.32871427411710435
1710,0.08294009271255595
1711,0.5509650186039486
1712,0.5755208155703735
1713,0.16367545682000437
1714,0.6096413487361985
1715,0.48735780066759954
1716,0.08713498098526233
1717,0.09121772084111486
1718,0.08005782516748738
1719,0.5969947313460481
1720,0.18378271469762375
1721,0.08152264013512588
1722,0.562686655859231
1723,0.08476734046495579
1724,0.08476734046495579
1725,0.10235258050528563
1726,0.09257641650688384
1727,0.08924382199959997
1728,0.08046025432678908
1729,0.3585265379356074
1730,0.5942696741323077
1731,0.08955304222685298
1732,0.39659141102751244
1733,0.1017733514648112
1734,0.08567016601762384
1735,0.2356499665718168
1736,0.6449416594492722
1737,0.20133004367863191
1738,0.23549118095567836
1739,0.5761079953483386
1740,0.08761180516819432
1741,0.13937951759995793
1742,0.4413747969003845
1743,0.458553684725758
1744,0.13009980603544866
1745,0.6467896234761729
1746,0.7138372716693837
1747,0.6904103654261011
1748,0.2035448884246342
1749,0.31191734784868547
1750,0.569074316735035
1751,0.5737613949240514
1752,0.08046025432678908
1753,0.08152264013512588
1754,0.08005782516748738
1755,0.7166752774486809
1756,0.626985403646609
1757,0.17685068320785186
1758,0.5829977783728406
1759,0.10682197592465996
1760,0.08476734046495579
1761,0.2402269903671236
1762,0.08046025432678908
1763,0.3561304293069474
1764,0.33086346023834845
1765,0.11375713656820413
1766,0.08282789484709562
1767,0.42783970016912115
1768,0.30372629409049373
1769,0.18121009509760327
1770,0.4022179448589365
1771,0.08732650844150873
1772,0.2769603977126079
1773,0.19138712086535364
1774,0.4430664329359547
1775,0.6664227511858792
1776,0.4660240215956562
1777,0.07784239138587921
1778,0.12871924292677828
1779,0.10668333178361822
1780,0.47620541592012466
1781,0.14033811275910768
1782,0.46460645690899866
1783,0.3496358075813834
1784,0.08046025432678908
1785,0.5085020272098619
1786,0.08879132340914722
1787,0.23270641658430255
1788,0.6387103483064529
1789,0.4010240819052328
1790,0.35317597655907235
1791,0.5058960351191785
1792,0.4009766012731202
1793,0.22713620521616396
1794,0.08476734046495579
1795,0.18237765685608912
1796,0.4645083431843583
1797,0.5207289839973726
1798,0.3768765020264737
1799,0.36036903543624327
1800,0.46571087130831856
1801,0.47786675605184986
1802,0.08476734046495579
1803,0.10925636009210365
1804,0.35933874151698986
1805,0.2829535931445843
1806,0.11931071958128613
1807,0.401446693297233
1808,0.5997636626407113
1809,0.09289685482712051
1810,0.7208090703417674
1811,0.08248422259945502
1812,0.505930749851304
1813,0.12359457343207261
1814,0.08152264013512588
1815,0.08530773323286249
1816,0.4676034810006291
1817,0.17270997989093848
1818,0.24198453703980682
1819,0.0847577716757821
1820,0.4487225950063011
1821,0.37492443122662444
1822,0.4727753361906841
1823,0.35483988014878515
1824,0.16803085001102464
1825,0.16381556683063964
1826,0.08969414896181527
1827,0.19692885203991706
1828,0.39824125263962257
1829,0.529371652403176
1830,0.08955304222685298
1831,0.14881536578977125
1832,0.26453379620439427
1833,0.5845197425214241
1834,0.4612090090407235
1835,0.5057831308240175
1836,0.08046025432678908
1837,0.2450766650001453
1838,0.08152264013512588
1839,0.3086092564514904
1840,0.18494559515141631
1841,0.6774525408857439
1842,0.4677369798491127
1843,0.17685068320785186
1844,0.08524595608868628
1845,0.07899543935915058
1846,0.7639166076001792
1847,0.4683759233831029
1848,0.1587465101255851
1849,0.5848063470401718
1850,0.5672864874761262
1851,0.10722686767788221
1852,0.4735790676044927
1853,0.4888679746537579
1854,0.08005782516748738
1855,0.6789519638541162
1856,0.184955187610733
1857,0.7386548440392945
1858,0.7280880959446827
1859,0.5013243345876954
1860,0.17394920616883489
1861,0.08713498098526233
1862,0.480692180598662
1863,0.07896353410587711
1864,0.08046025432678908
1865,0.08005782516748738
1866,0.16717784704020988
1867,0.08879132340914722
1868,0.4797893619668029
1869,0.47787096885493613
1870,0.12657940285530744
1871,0.08955304222685298
1872,0.2091658855642737
1873,0.08253158498966344
1874,0.4745281338882491
1875,0.09150390306737156
1876,0.7538540695008219
1877,0.27593951611559997
1878,0.07978183700373938
1879,0.1543836148093776
1880,0.6583041860733037
1881,0.12998110123102466
1882,0.17479547311779883
1883,0.21271360060665748
1884,0.24526100025661063
1885,0.46557231297025153
1886,0.3896839450619912
1887,0.7467130127116661
1888,0.49555025389214497
1889,0.494369122895706
1890,0.6339931759100698
1891,0.10485922715757565
1892,0.6006409176478755
1893,0.2538814545179339
1894,0.12958917810529244
1895,0.36179313721908685
1896,0.20556582156365055
1897,0.09526449534742706
1898,0.12851700701769522
1899,0.22192021953808197
1900,0.5341384791128445
1901,0.3196979674564124
1902,0.4453255656253002
1903,0.08476734046495579
1904,0.09055515473181118
1905,0.08975290587347637
1906,0.1430917819450397
1907,0.6533857637247887
1908,0.08631667808740005
1909,0.33998576281082105
1910,0.6081436409770908
1911,0.08152264013512588
1912,0.08152264013512588
1913,0.7090826922709994
1914,0.4451665466644258
1915,0.4598630561453634
1916,0.5956294544834794
1917,0.4370892631741284
1918,0.19536547128175788
1919,0.6050075720735867
1920,0.14354006125999338
1921,0.08827058081090222
1922,0.08282789484709562
1923,0.5843157990007715
1924,0.19464929941389472
1925,0.07547475086557268
1926,0.52449649864299
1927,0.5650042323883441
1928,0.48002005304071127
1929,0.30553929866553386
1930,0.10235258050528563
1931,0.5002575063729177
1932,0.5760877622336187
1933,0.47213434906238255
1934,0.10090727848885946
1935,0.2538814545179339
1936,0.4103104892161305
1937,0.291411682115187
1938,0.38339407867323544
1939,0.08092531618783708
1940,0.4595236555903271
1941,0.42443739273333136
1942,0.18816514908074877
1943,0.49539457689635547
1944,0.19120527389107622
1945,0.32076567786575483
1946,0.08046025432678908
1947,0.15741349352188364
1948,0.22994584274631502
1949,0.6325842502635034
1950,0.605703666833136
1951,0.1133654599473615
1952,0.1784369180873333
1953,0.3919880669909584
1954,0.42678896819016904
1955,0.5592090750906713
1956,0.42263996147886496
1957,0.08476734046495579
1958,0.7538540695008219
1959,0.6424924433121638
1960,0.6592864947694673
1961,0.18035412569011086
1962,0.0943369525479517
1963,0.18063121629517237
1964,0.5613049078902096
1965,0.47410906978008
1966,0.17598287321746553
1967,0.08329295670814361
1968,0.08713498098526233
1969,0.7214695374479119
1970,0.10607410501804754
1971,0.5670496002723654
1972,0.7311283899872354
1973,0.3504472461729719
1974,0.264448290614074
1975,0.13842618082463856
1976,0.5935176437718384
1977,0.08476734046495579
1978,0.4070734968841398
1979,0.7681068573821227
1980,0.21226599369280716
1981,0.4491280449198413
1982,0.12167836010159265
1983,0.09251284792190913
1984,0.1738874806275084
1985,0.15605562220477742
1986,0.3763635962092143
1987,0.08005782516748738
1988,0.5908507702342122
1989,0.10867661426482095
1990,0.4020652251315404
1991,0.4323598874454087
1992,0.20533788300025974
1993,0.4252258495365519
1994,0.14940088802004303
1995,0.08571101794973426
1996,0.08476734046495579
1997,0.36505572020927074
1998,0.37064000944880177
1999,0.08524416464788778
2000,0.14806627726468913
2001,0.2452300956257447
2002,0.08152264013512588
2003,0.08713498098526233
2004,0.5582375550844613
2005,0.13598792620079958
2006,0.44033178892024116
2007,0.5702073336874175
2008,0.08524416464788778
2009,0.23349045858181167
2010,0.5176237265379421
2011,0.4329448768198547
2012,0.4882534776788522
2013,0.47125939486621554
2014,0.31116841179765425
2015,0.0896148193710292
2016,0.09900978790178287
2017,0.12154521435708457
2018,0.6283628572864899
2019,0.6576994297876372
2020,0.08766222588947845
2021,0.7661683221169462
2022,0.08046025432678908
2023,0.15404768813101336
2024,0.0896148193710292
2025,0.08476734046495579
2026,0.435739594528377
2027,0.4153805523745637
2028,0.4323194645796954
2029,0.08713498098526233
2030,0.3607716103979665
2031,0.2821555624057761
2032,0.6435590920758077
2033,0.15388309676271372
2034,0.11569981200299827
2035,0.20099139830648438
2036,0.09417408636494198
2037,0.46547820473177587
2038,0.7423400136696441
2039,0.5805053985681962
2040,0.2335783980960648
2041,0.640560649692838
2042,0.4492735104263514
2043,0.07653713667390948
2044,0.2898374532468799
2045,0.2430229458893038
2046,0.6437052298968919
2047,0.6543097518023568
2048,0.10804804904386445
2049,0.40053144931261025
2050,0.14661900725914212
2051,0.4617332100812134
2052,0.5672259271794986
2053,0.6472769103281472
2054,0.40904158490800935
2055,0.6575726195410437
2056,0.5685790958105916
2057,0.1345184697480606
2058,0.4756542642160982
2059,0.1741572934259512
2060,0.2209380493521343
2061,0.2986026905004927
2062,0.44116698505832447
2063,0.6634495986071413
2064,0.08572058673890796
2065,0.08005782516748738
2066,0.23516081777991532
2067,0.128947043375614
2068,0.39634093746281984
2069,0.07899543935915058
2070,0.7639491028627267
2071,0.08524595608868628
2072,0.09103846416509696
2073,0.10719703917884393
2074,0.1565728432936796
2075,0.43547158085305404
2076,0.4397927603055333
2077,0.08472062048398984
2078,0.6064566749379102
2079,0.4341050848345272
2080,0.1037700330827157
2081,0.6752884459336688
2082,0.08046025432678908
2083,0.362033806028467
2084,0.08476734046495579
2085,0.16903420905625968
2086,0.14204899957182093
2087,0.5269819106975112
2088,0.39383960615440183
2089,0.16785149387235979
2090,0.4106901648697153
2091,0.5560570015836458
2092,0.3939177229234223
2093,0.1471964682542799
2094,0.6277365671250102
2095,0.4421017388711574
2096,0.08713498098526233
2097,0.7538540695008219
2098,0.4141639131088697
2099,0.5428916603463314
2100,0.07896353410587711
2101,0.15470743111529128
2102,0.3603216423667252
2103,0.16668052289481355
2104,0.08046025432678908
2105,0.4244647588582574
2106,0.43111026702393707
2107,0.3164094186046991
2108,0.2360641236810465
2109,0.5850596641966748
2110,0.500552073688136
2111,0.1077353434610804
2112,0.6002287231542978
2113,0.1758560032246354
2114,0.07899543935915058
2115,0.14319536710843486
2116,0.1575327158410399
2117,0.17491297869982822
2118,0.46179028815296874
2119,0.45496769046366775
2120,0.23203740021930658
2121,0.08713498098526233
2122,0.08713498098526233
2123,0.6795357145288415
2124,0.5365206378585836
2125,0.449225299668102
2126,0.16760605252261462
2127,0.08152264013512588
2128,0.620209169020755
2129,0.10049476625108673
2130,0.0901356386124289
2131,0.20523557838092646
2132,0.46933987594605825
2133,0.08713498098526233
2134,0.08977397089677513
2135,0.346987870030273
2136,0.08879132340914722
2137,0.09115896392945376
2138,0.14046436761839276
2139,0.256187531595436
2140,0.4643855043700512
2141,0.5381563452206194
2142,0.09251284792190913
2143,0.17768595364519899
2144,0.4574729385098415
2145,0.4530995768535859
2146,0.08476734046495579
2147,0.08766187879025285
2148,0.5422415544899473
2149,0.5836128435975311
2150,0.14068028960331183
2151,0.48094223391812696
2152,0.08732650844150873
2153,0.4061509329212425
2154,0.08476734046495579
2155,0.4632761095464545
2156,0.08713498098526233
2157,0.08294009271255595
2158,0.5923498686743228
2159,0.3588895077563021
2160,0.07978183700373938
2161,0.10400489335238378
2162,0.1790895159734549
2163,0.4716216362681899
2164,0.38064742728200085
2165,0.15324291229716172
2166,0.08239013115547557
2167,0.19756868071979058
2168,0.19372675440076936
2169,0.5924577565103911
2170,0.14347083012734432
2171,0.2161595995775232
2172,0.4520297526325507
2173,0.1814154992968313
2174,0.24744203823398558
2175,0.46649977383296204
2176,0.2898489883550498
2177,0.4288115529019473
2178,0.2683351201744172
2179,0.38201779981201683
2180,0.25199285246471315
2181,0.22315568237143435
2182,0.21757412052764427
2183,0.6059520057006366
2184,0.7334006568721422
2185,0.5830707428613234
2186,0.550652184612152
2187,0.4664592172618021
2188,0.08476734046495579
2189,0.6929515520465882
2190,0.39690882039574377
2191,0.46704933568760765
2192,0.16419229850896527
2193,0.23400842866891877
2194,0.4130047970312076
2195,0.13966971596200192
2196,0.4014811517735677
2197,0.4230014052031691
2198,0.07653713667390948
2199,0.36957944856904007
2200,0.3024840352920431
2201,0.1280121112491553
2202,0.35580790428834735
2203,0.721371143660598
2204,0.08046025432678908
2205,0.07768061585800716
2206,0.24983968744988203
2207,0.48022133827601376
2208,0.44905407216858756
2209,0.4390277698432271
2210,0.474055072750315
2211,0.0804506855376154
2212,0.6207593924394903
2213,0.539073297152759
2214,0.08046025432678908
2215,0.12409642134318329
2216,0.08476734046495579
2217,0.49792612962579536
2218,0.08046025432678908
2219,0.22700392061611485
2220,0.18770056990321168
2221,0.08752734446069273
2222,0.7334636408661104
2223,0.31360300986332157
2224,0.12511458788766897
2225,0.4413173476240824
2226,0.07808304501730885
2227,0.08239013115547557
2228,0.08239013115547557
2229,0.38380188135410304
2230,0.08530773323286249
2231,0.6939511228527937
2232,0.5814748747896615
2233,0.4377101734873194
2234,0.1111645078312578
2235,0.09643778122371964
2236,0.22215859844121355
2237,0.08152264013512588
2238,0.5545183350130771
2239,0.5815238042469464
2240,0.523003404980285
2241,0.09469691752173648
2242,0.4379952292607072
2243,0.17543261747615813
2244,0.576670901010178
2245,0.18087318907095745
2246,0.4506228731752618
2247,0.4080259381099792
2248,0.22337154990770405
2249,0.559947438849301
2250,0.08452819378144041
2251,0.3724603919995331
2252,0.07914543082564565
2253,0.17789443448738718
2254,0.729771456250871
2255,0.09012985370746612
2256,0.3099651789541891
2257,0.5616071528194442
2258,0.24276880933099193
2259,0.12333161491885339
2260,0.44691731795154266
2261,0.4961038295523387
2262,0.08005782516748738
2263,0.2974991434407379
2264,0.1663695773619073
2265,0.5270990912224174
2266,0.08476734046495579
2267,0.171168234813312
2268,0.44488126720744825
2269,0.2592165089467631
2270,0.23773412919096115
2271,0.7661683221169462
2272,0.5980149493233352
2273,0.08713498098526233
2274,0.08713498098526233
2275,0.10964492891947288
2276,0.4008591262223258
2277,0.5474326171998843
2278,0.44204951464218234
2279,0.3826827531198524
2280,0.0935853613614214
2281,0.321957861452891
2282,0.08732650844150873
2283,0.0821590463132196
2284,0.44721126774084624
2285,0.5413389726247917
2286,0.3953570954307999
2287,0.15280756515240096
2288,0.5155430669712009
2289,0.5446586783280593
2290,0.10395178464940591
2291,0.08915202952700303
2292,0.5046301129071502
2293,0.17115315703128725
2294,0.2422343847674411
2295,0.08253158498966344
2296,0.301970672105114
2297,0.10719703917884393
2298,0.08582972627329258
2299,0.19303236484797257
2300,0.4530167194428421
2301,0.7385194882693558
2302,0.08636709880868418
2303,0.25629615173483417
2304,0.08226167538950624
2305,0.3875971709713013
2306,0.16082865938841695
2307,0.08152264013512588
2308,0.16097787606712094
2309,0.44025612824441746
2310,0.57460899446854
2311,0.44777390945099044
2312,0.44906265830937836
2313,0.1518662943486604
2314,0.12511458788766897
2315,0.2593882893984421
2316,0.08476734046495579
2317,0.2335066189798478
2318,0.1670200094390958
2319,0.08955304222685298
2320,0.08955304222685298
2321,0.7639166076001792
2322,0.569289350203315
2323,0.08955304222685298
2324,0.3128124246722534
2325,0.4551513201105636
2326,0.35509269966666746
2327,0.5966873650401473
2328,0.07653713667390948
2329,0.3889587067164012
2330,0.12447399301980845
2331,0.08854230593151692
2332,0.28942313511894796
2333,0.08389028065543241
2334,0.09251284792190913
2335,0.3140805696328532
2336,0.7435422562808565
2337,0.4715255330818669
2338,0.08879132340914722
2339,0.5824349860355724
2340,0.08152264013512588
2341,0.08879132340914722
2342,0.17991374015473297
2343,0.33374688204669545
2344,0.0844140994281415
2345,0.08046025432678908
2346,0.48033247431750226
2347,0.41482799158181327
2348,0.5368814982684259
2349,0.08713498098526233
2350,0.3877730373452044
2351,0.4073767924408062
2352,0.08282789484709562
2353,0.08690540309092064
2354,0.739531136465516
2355,0.7253513275005614
2356,0.3632488301196206
2357,0.59352240472906
2358,0.6915476651611945
2359,0.3997877874695333
2360,0.194796284024244
2361,0.11673435616311151
2362,0.18932983794167155
2363,0.22439184133713833
2364,0.17811495924346937
2365,0.47070797944474735
2366,0.39224968493456824
2367,0.2177442273605826
2368,0.08152264013512588
2369,0.4916970765805797
2370,0.08015437568018322
2371,0.10607410501804754
2372,0.1017733514648112
2373,0.7311283899872354
2374,0.21135437562131204
2375,0.5710753505975452
2376,0.09654172688524852
2377,0.6974692710171674
2378,0.09248798470196147
2379,0.47913527929742106
2380,0.08713498098526233
2381,0.5395343237768224
2382,0.22809305685719297
2383,0.45472366983131973
2384,0.2824048921482366
2385,0.5778357038374393
2386,0.13937951759995793
2387,0.10958174514780428
2388,0.44285925250136726
2389,0.17270931244294996
2390,0.12476099959011379
2391,0.44028998539700587
2392,0.7446430952883516
2393,0.5328613713905654
2394,0.08476734046495579
2395,0.08867082364479041
2396,0.08046025432678908
2397,0.49093677918627165
2398,0.2582583030561348
2399,0.09203288061261987
2400,0.31696641817768995
2401,0.28828438174543036
2402,0.07547475086557268
2403,0.464811489330496
2404,0.6654416328486884
2405,0.3120844916889948
2406,0.5323820017753312
2407,0.3589338374284358
2408,0.17861010539339328
2409,0.4667314601912208
2410,0.4710244557241117
2411,0.7621074391987139
2412,0.2753604140937972
2413,0.6246246886224311
2414,0.11368983870944162
2415,0.7520555781602095
2416,0.7304369123173721
2417,0.27899701003765137
2418,0.1908306358837942
2419,0.14001914211176958
2420,0.5791931403860155
2421,0.29616093126674203
2422,0.2071520717844838
2423,0.36299889900110033
2424,0.08046025432678908
2425,0.4424981229882543
2426,0.42670851776326285
2427,0.14172937004846464
2428,0.28606641642424574
2429,0.57262139157116
2430,0.17675169908179414
2431,0.7379749051760377
2432,0.4043025942460511
2433,0.7243146481581534
2434,0.5799254048452521
2435,0.2147739554309466
2436,0.6983135167419896
2437,0.2526171784823164
2438,0.0858201574841189
2439,0.2463925673123902
2440,0.7327284268963037
2441,0.18678853113224742
2442,0.07808304501730885
2443,0.5641463187002288
2444,0.08523459585871411
2445,0.14170703037290314
2446,0.7203550996815283
2447,0.7486493334914345
2448,0.24919236503597522
2449,0.16680320959951148
2450,0.359605186131814
2451,0.09643957266451814
2452,0.07899543935915058
2453,0.7194701647765022
2454,0.2158912645768251
2455,0.0847577716757821
2456,0.08954168199688081
2457,0.19767964573521946
2458,0.2207529265442622
2459,0.4286874732868708
2460,0.21002173004343483
2461,0.6417714894897519
2462,0.22315568237143435
2463,0.6556533715534054
2464,0.290816082056826
2465,0.07768061585800716
2466,0.2483176510817506
2467,0.08955304222685298
2468,0.08239013115547557
2469,0.495034783291433
2470,0.40915281960680816
2471,0.08248422259945502
2472,0.4122835525756888
2473,0.1465246405995355
2474,0.14597422902314036
2475,0.6154628332802873
2476,0.23025802137978754
2477,0.09358012974939389
2478,0.10863598406493531
2479,0.7324808924246867
2480,0.07899543935915058
2481,0.09304182546715743
2482,0.4951382204495559
2483,0.09090994645182347
2484,0.09774433373319395
2485,0.4431844150593284
2486,0.13582164574545283
2487,0.24125834000950305
2488,0.5704657616916465
2489,0.10536770294077386
2490,0.5543013893443511
2491,0.23221563953912736
2492,0.08394903756709352
2493,0.08713498098526233
2494,0.35511268906602766
2495,0.09358012974939389
2496,0.39925844819182216
2497,0.08282789484709562
2498,0.7590044073731325
2499,0.36187910914086396
2500,0.15177809732952321
2501,0.6736973575027785
2502,0.22542231918766195
2503,0.45946075091501937
2504,0.5802648520367146
2505,0.4428901915222223
2506,0.6313850338926185
2507,0.08046025432678908
2508,0.08152264013512588
2509,0.22714745813451517
2510,0.6680049943991354
2511,0.4968118265857814
2512,0.13496883648273775
2513,0.4561396749472108
2514,0.26272025437346885
2515,0.43160426920997164
2516,0.10288472142864971
2517,0.44419451648369424
2518,0.11189954744488044
2519,0.3695069152625635
2520,0.6792629257536764
2521,0.38709833910875807
2522,0.2453756066397618
2523,0.08476734046495579
2524,0.08476734046495579
2525,0.5700274592966984
2526,0.30362041410196533
2527,0.09554932910257931
2528,0.1491300892328982
2529,0.08732650844150873
2530,0.08282789484709562
2531,0.5131159975702216
2532,0.08955304222685298
2533,0.3773407696583987
2534,0.423162725387752
2535,0.328870378355284
2536,0.5985095217358273
2537,0.49331178027592376
2538,0.5712399965183694
2539,0.28820483344110553
2540,0.4780158766088787
2541,0.5432692304667882
2542,0.42204036835146647
2543,0.41695293960502894
2544,0.3249569276022067
2545,0.3479987991988062
2546,0.08476734046495579
2547,0.6238597024174289
2548,0.1459210341102951
2549,0.14858680643392672
2550,0.08752734446069273
2551,0.10040029823423559
2552,0.5338371195931675
2553,0.6062745207857271
2554,0.10607410501804754
2555,0.7014927369285875
2556,0.27098482756182385
2557,0.739372096046642
2558,0.2523925709171623
2559,0.31266317393985876
2560,0.14130676505521408
2561,0.646824978219903
2562,0.6548758332528453
2563,0.5742870300853021
2564,0.6265628716678192
2565,0.47592123712306744
2566,0.6875583053533071
2567,0.5799459674451845
2568,0.08394903756709352
2569,0.5994484843393438
2570,0.09062376422556677
2571,0.13496883648273775
2572,0.08524595608868628
2573,0.15563284987814957
2574,0.09251284792190913
2575,0.2789937084943649
2576,0.13963872243522407
2577,0.43506505742208573
2578,0.21233444374818183
2579,0.391710324753255
2580,0.4486738338391194
2581,0.17281339621613892
2582,0.5689283063044555
2583,0.28801542098906036
2584,0.11493731545768733
2585,0.6485011539696228
2586,0.5824566746591262
2587,0.19613577479846267
2588,0.3631757689211842
2589,0.58447957758007
2590,0.08389028065543241
2591,0.31446636944234035
2592,0.6690449874132374
2593,0.0906154280351898
2594,0.08389028065543241
2595,0.08046025432678908
2596,0.5480985126677929
2597,0.08476734046495579
2598,0.08253158498966344
2599,0.48670886063374313
2600,0.14647184002850822
2601,0.23038327336071052
2602,0.08046025432678908
2603,0.5386285186212929
2604,0.10223979580474529
2605,0.31334768439772154
2606,0.08476734046495579
2607,0.3956582002422169
2608,0.14205696907980228
2609,0.08282789484709562
2610,0.6385126613903941
2611,0.1366804784101988
2612,0.4061933132111533
2613,0.4876264417733796
2614,0.08476734046495579
2615,0.1710828298304326
2616,0.08046025432678908
2617,0.25354100719295924
2618,0.6563350127127572
2619,0.35820087392489025
2620,0.47334284049320396
2621,0.6068812655110908
2622,0.08394903756709352
2623,0.28118310612538344
2624,0.14209733277850256
2625,0.2975216085976117
2626,0.08713498098526233
2627,0.08713498098526233
2628,0.20012631057132121
2629,0.456625715473181
2630,0.08949526689203238
2631,0.4660938321385759
2632,0.43523966005301934
2633,0.395684651718011
2634,0.6581654026300358
2635,0.691980836403789
2636,0.697610554549036
2637,0.10618809432430637
2638,0.08713498098526233
2639,0.47004964332185384
2640,0.1848855935903946
2641,0.6599218828549476
2642,0.08394903756709352
2643,0.08797791653043291
2644,0.5913097372869122
2645,0.08046025432678908
2646,0.08046025432678908
2647,0.432233478688493
2648,0.3643769282788272
2649,0.570281609049822
2650,0.2722484134891222
2651,0.4527908668318939
2652,0.29520612314790323
2653,0.369310768435838
2654,0.0943369525479517
2655,0.2831233567308463
2656,0.10682197592465996
2657,0.6822060922566784
2658,0.17032313523129874
2659,0.5474980176543781
2660,0.15324291229716172
2661,0.09891941105028502
2662,0.23665102957518158
2663,0.23548580566551308
2664,0.3596669355672133
2665,0.14661900725914212
2666,0.09417408636494198
2667,0.4513821019539905
2668,0.08253158498966344
2669,0.09880542174402619
2670,0.7325359049537044
2671,0.7434668836003352
2672,0.6449416594492722
2673,0.40101369796493025
2674,0.5367180819281966
2675,0.5161621093071591
2676,0.6489225057851242
2677,0.577018289690329
2678,0.2995819810952345
2679,0.08524416464788778
2680,0.42783970016912115
2681,0.3351307478697858
2682,0.5439606973191192
2683,0.4243254935754705
2684,0.21464273494482253
2685,0.4468541119619092
2686,0.08282789484709562
2687,0.4530594865995791
2688,0.5631407140441779
2689,0.47380887601606086
2690,0.6680869228334533
2691,0.1569005466460706
2692,0.07896353410587711
2693,0.41639593406088665
2694,0.14820134294017212
2695,0.5779897548583027
2696,0.5987636607659709
2697,0.33321420954395253
2698,0.2526871946333618
2699,0.7386993469090345
2700,0.4100173839954155
2701,0.13145886104286683
2702,0.37346755769977946
2703,0.14671693522293572
2704,0.725447939320666
2705,0.09002986640978497
2706,0.19648410272345554
2707,0.08476734046495579
2708,0.695177705798254
2709,0.6516726465531373
2710,0.6874236453636852
2711,0.6303365912837452
2712,0.1575327158410399
2713,0.14756544669745483
2714,0.6701004514306491
2715,0.10122348298561686
2716,0.08282789484709562
2717,0.15684664416269478
2718,0.7120028386078732
2719,0.689366293642908
2720,0.645949476833568
2721,0.3669999103730242
2722,0.4114697683819134
2723,0.17932043591759256
2724,0.6905716668459393
2725,0.4539846355272625
2726,0.5301161414247774
2727,0.09488048844221567
2728,0.6892500308761424
2729,0.09251284792190913
2730,0.6353780371927079
2731,0.17621509328057902
2732,0.588017809382029
2733,0.3716023082144126
2734,0.08389028065543241
2735,0.31924942090040026
2736,0.38602337073841403
2737,0.08476734046495579
2738,0.18221745117465385
2739,0.7298696541260599
2740,0.1077353434610804
2741,0.4288002539896674
2742,0.10506516016350997
2743,0.34742401245614735
2744,0.08476734046495579
2745,0.13542161823067148
2746,0.4567255009428084
2747,0.6716848956803829
2748,0.08476734046495579
2749,0.7563980418326387
2750,0.375129147884561
2751,0.2840216773656329
2752,0.12657940285530744
2753,0.1077353434610804
2754,0.47361642242799096
2755,0.4318703950241779
2756,0.466305941365264
2757,0.38504028227296194
2758,0.6356713694007129
2759,0.10370825593853951
2760,0.4056894272371589
2761,0.18438461599342823
2762,0.40326940006853534
2763,0.5603262232535198
2764,0.16877326631281558
2765,0.30792577681756816
2766,0.1661930722896288
2767,0.7688526851651493
2768,0.6658451238508462
2769,0.4821206729847598
2770,0.08282789484709562
2771,0.08713498098526233
2772,0.43045387037827865
2773,0.43914972981223194
